unique_id,product_name,available_inventory,preorder_backlog,confirmed_inbound,inbound_eta,transit_stock
CA-CL-AT-CBL,,156,0,0,,0
CA-SC-10-B-10-BE-1TO,"Toyota RAV4 Plug-in Hybrid 2026 Seat Covers - Custom-Fit, Comfort Leather, Easy Install",146,0,90,2026-08-16,0
CA-SC-10-B-10-BK-1TO,"Toyota RAV4 Plug-in Hybrid 2026 Seat Covers - Custom-Fit, Comfort Leather, Easy Install",291,5,820,2026-07-30,0
CA-SC-10-B-10-BR-1TO,"Toyota RAV4 Plug-in Hybrid 2026 Seat Covers - Custom-Fit, Comfort Leather, Easy Install",29,1,95,2026-07-30,0
CA-SC-10-B-10-DB-1TO,"Toyota RAV4 Plug-in Hybrid 2026 Seat Covers - Custom-Fit, Comfort Leather, Easy Install",116,0,70,2026-09-24,0
CA-SC-10-B-10-DG-1TO,"Toyota RAV4 Plug-in Hybrid 2026 Seat Covers - Custom-Fit, Comfort Leather, Easy Install",102,0,430,2026-08-09,0
CA-SC-10-B-10-GR-1TO,"Toyota RAV4 Plug-in Hybrid 2026 Seat Covers - Custom-Fit, Comfort Leather, Easy Install",48,2,220,2026-07-30,0
CA-SC-10-B-10-WR-1TO,"Toyota RAV4 Plug-in Hybrid 2026 Seat Covers - Custom-Fit, Comfort Leather, Easy Install",51,0,150,2026-08-09,0
CA-SC-10-B-102-BK-1TO,"Toyota Highlander Hybrid Seat Covers - Custom-Fit, Comfort Leather, Easy Install",0,31,105,2026-08-12,0
CA-SC-10-B-102-GR-1TO,"Toyota Highlander Hybrid Seat Covers - Custom-Fit, Comfort Leather, Easy Install",0,26,65,2026-08-16,0
CA-SC-10-B-124-BK-1TO,"Chevrolet Silverado Seat Covers - Custom-Fit, Comfort Leather, Easy Install",0,93,365,2026-07-30,0
CA-SC-10-B-124-DB-1TO,"Chevrolet Silverado Seat Covers - Custom-Fit, Comfort Leather, Easy Install",0,48,135,2026-07-30,0
CA-SC-10-B-124-DG-1TO,"Chevrolet Silverado Seat Covers - Custom-Fit, Comfort Leather, Easy Install",0,26,70,2026-08-12,0
CA-SC-10-B-125-BK-1TO,"Toyota Tacoma Seat Covers - Custom-Fit, Comfort Leather, Easy Install",26,0,200,2026-07-30,0
CA-SC-10-B-125-DG-1TO,"Toyota Tacoma Seat Covers - Custom-Fit, Comfort Leather, Easy Install",33,0,90,2026-09-12,0
CA-SC-10-B-126-BK-1TO,"Toyota Tacoma Seat Covers - Custom-Fit, Comfort Leather, Easy Install",0,61,205,2026-07-30,0
CA-SC-10-B-126-DG-1TO,"Toyota Tacoma Seat Covers - Custom-Fit, Comfort Leather, Easy Install",0,54,140,2026-07-30,0
CA-SC-10-B-127-BK-1TO,"Chevrolet Silverado Seat Covers - Custom-Fit, Comfort Leather, Easy Install",35,17,385,2026-08-12,0
CA-SC-10-B-127-BR-1TO,"Chevrolet Silverado Seat Covers - Custom-Fit, Comfort Leather, Easy Install",5,0,65,2026-07-30,0
CA-SC-10-B-127-DB-1TO,"GMC Sierra Seat Covers - Custom-Fit, Comfort Leather, Easy Install",13,0,100,2026-07-30,0
CA-SC-10-B-127-DG-1TO,"GMC Sierra Seat Covers - Custom-Fit, Comfort Leather, Easy Install",13,0,110,2026-07-30,0
CA-SC-10-B-127-GR-1TO,"Chevrolet Silverado Seat Covers - Custom-Fit, Comfort Leather, Easy Install",11,3,10,2026-07-30,0
CA-SC-10-B-127-WR-1TO,"Chevrolet Silverado Seat Covers - Custom-Fit, Comfort Leather, Easy Install",20,1,20,2026-08-12,0
CA-SC-10-B-129-BK-1TO,"Toyota Tundra Seat Covers - Custom-Fit, Comfort Leather, Easy Install",0,8,50,2026-07-30,0
CA-SC-10-B-129-DG-1TO,"Toyota Tundra Seat Covers - Custom-Fit, Comfort Leather, Easy Install",6,0,50,2026-08-31,0
CA-SC-10-B-131-BK-1TO,"Jeep Wrangler Seat Covers - Custom-Fit, Comfort Leather, Easy Install",7,7,105,2026-08-12,0
CA-SC-10-B-132-BK-1TO,Product CA-SC-10-B-132-BK-1TO,68,23,45,2026-08-16,0
CA-SC-10-B-132-DB-1TO,Product CA-SC-10-B-132-DB-1TO,34,4,30,2026-08-12,0
CA-SC-10-B-132-DG-1TO,Product CA-SC-10-B-132-DG-1TO,20,3,20,2026-09-16,0
CA-SC-10-B-137-BK-1TO,"RAM 1500 Classic Seat Covers - Custom-Fit, Comfort Leather, Easy Install",0,56,255,2026-07-30,0
CA-SC-10-B-137-DG-1TO,"RAM 1500 Classic Seat Covers - Custom-Fit, Comfort Leather, Easy Install",0,43,130,2026-08-12,0
CA-SC-10-B-138-BK-1TO,"RAM 1500 Classic Seat Covers - Custom-Fit, Comfort Leather, Easy Install",0,57,175,2026-07-30,0
CA-SC-10-B-138-DG-1TO,"RAM 1500 Seat Covers - Custom-Fit, Comfort Leather, Easy Install",0,31,140,2026-08-12,0
CA-SC-10-B-141-BK-1TO,"Toyota 4Runner Seat Covers - Custom-Fit, Comfort Leather, Easy Install",0,30,60,2026-08-12,0
CA-SC-10-B-147-BK-1TO,"Ford F-250 Super Duty Seat Covers - Custom-Fit, Comfort Leather, Easy Install",0,14,75,2026-08-31,0
CA-SC-10-B-149-BK-1TO,"Toyota Tacoma Seat Covers - Custom-Fit, Comfort Leather, Easy Install",12,1,35,2026-08-31,0
CA-SC-10-B-149-DG-1TO,"Toyota Tacoma Seat Covers - Custom-Fit, Comfort Leather, Easy Install",0,10,55,2026-08-12,0
CA-SC-10-B-15-BE-1TO,"Lexus UX 200h 2019-2026 Seat Covers - Custom-Fit, Comfort Leather, Easy Install",37,0,10,2026-08-12,0
CA-SC-10-B-15-BK-1TO,"Lexus UX 200h 2019-2026 Seat Covers - Custom-Fit, Comfort Leather, Easy Install",0,12,100,2026-07-30,0
CA-SC-10-B-151-BK-1TO,"Toyota Tundra Seat Covers - Custom-Fit, Comfort Leather, Easy Install",99,4,10,2026-08-12,0
CA-SC-10-B-152-BK-1TO,"Toyota Tundra Seat Covers - Custom-Fit, Comfort Leather, Easy Install",0,22,105,2026-08-16,0
CA-SC-10-B-159-BK-1TO,Product CA-SC-10-B-159-BK-1TO,50,0,20,2026-08-16,0
CA-SC-10-B-16-BE-1TO,"Buick Envision 2016-2026 Seat Covers - Custom-Fit, Comfort Leather, Easy Install",30,0,30,2026-07-30,0
CA-SC-10-B-16-BK-1TO,"Buick Envision 2016-2026 Seat Covers - Custom-Fit, Comfort Leather, Easy Install",37,0,45,2026-08-16,0
CA-SC-10-B-16-DB-1TO,"Buick Envision 2016-2026 Seat Covers - Custom-Fit, Comfort Leather, Easy Install",18,0,30,2026-07-30,0
CA-SC-10-B-16-DG-1TO,"Buick Envision 2016-2026 Seat Covers - Custom-Fit, Comfort Leather, Easy Install",8,1,25,2026-07-30,0
CA-SC-10-B-162-BK-1TO,"Ford F-450 Super Duty Seat Covers - Custom-Fit, Comfort Leather, Easy Install",0,20,100,2026-08-16,0
CA-SC-10-B-176-BK-1TO,"RAM 1500 Seat Covers - Custom-Fit, Comfort Leather, Easy Install",0,44,196,2026-07-30,0
CA-SC-10-B-176-DB-1TO,"RAM 1500 Seat Covers - Custom-Fit, Comfort Leather, Easy Install",7,0,45,2026-07-30,0
CA-SC-10-B-176-DG-1TO,"RAM 1500 Seat Covers - Custom-Fit, Comfort Leather, Easy Install",0,1,75,2026-07-30,0
CA-SC-10-B-177-BK-1TO,Product CA-SC-10-B-177-BK-1TO,121,0,0,,0
CA-SC-10-B-177-DG-1TO,Product CA-SC-10-B-177-DG-1TO,47,0,20,2026-07-30,0
CA-SC-10-B-177-GR-1TO,Product CA-SC-10-B-177-GR-1TO,6,0,25,2026-07-30,0
CA-SC-10-B-183-BK-1TO,"Chevrolet Silverado Seat Covers - Custom-Fit, Comfort Leather, Easy Install",10,15,60,2026-08-12,0
CA-SC-10-B-188-BK-1TO,Product CA-SC-10-B-188-BK-1TO,45,0,0,,0
CA-SC-10-B-20-BE-1TO,"Nissan Murano Seat Covers - Custom-Fit, Comfort Leather, Easy Install",15,0,65,2026-08-31,0
CA-SC-10-B-201-GR-1TO,"Hyundai Tucson Hybrid 2022-2026 Seat Covers - Custom-Fit, Comfort Leather, Easy Install",0,0,100,2026-07-30,0
CA-SC-10-B-215-BK-1TO,,0,3,0,,0
CA-SC-10-B-22-BK-1TO,"Mitsubishi Outlander Seat Covers - Custom-Fit, Comfort Leather, Easy Install",12,0,70,2026-07-30,0
CA-SC-10-B-22-DG-1TO,"Mitsubishi Outlander Seat Covers - Custom-Fit, Comfort Leather, Easy Install",19,0,0,,0
CA-SC-10-B-26-BE-1TO,"Volvo V40 1999-2019 Seat Covers - Custom-Fit, Comfort Leather, Easy Install",33,0,30,2026-08-16,0
CA-SC-10-B-26-BK-1TO,"Volvo V40 1999-2019 Seat Covers - Custom-Fit, Comfort Leather, Easy Install",21,0,35,2026-09-02,0
CA-SC-10-B-28-BE-1TO,"Cadillac CT4-V Seat Covers - Custom-Fit, Comfort Leather, Easy Install",24,6,120,2026-08-12,0
CA-SC-10-B-28-BK-1TO,"Cadillac CT4-V Seat Covers - Custom-Fit, Comfort Leather, Easy Install",83,1,395,2026-07-30,0
CA-SC-10-B-28-BR-1TO,"Cadillac CT4-V Seat Covers - Custom-Fit, Comfort Leather, Easy Install",28,0,10,2026-07-30,0
CA-SC-10-B-28-DB-1TO,"Cadillac CT4-V Seat Covers - Custom-Fit, Comfort Leather, Easy Install",39,0,0,,0
CA-SC-10-B-28-DG-1TO,"Cadillac CT4-V Seat Covers - Custom-Fit, Comfort Leather, Easy Install",0,16,135,2026-07-30,0
CA-SC-10-B-28-GR-1TO,"Cadillac CT4-V Seat Covers - Custom-Fit, Comfort Leather, Easy Install",33,0,145,2026-08-09,0
CA-SC-10-B-28-WR-1TO,"Cadillac CT4-V Seat Covers - Custom-Fit, Comfort Leather, Easy Install",27,0,70,2026-08-16,0
CA-SC-10-B-30-BK-1TO,"Infiniti QX80 Seat Covers - Custom-Fit, Comfort Leather, Easy Install",0,12,75,2026-08-12,0
CA-SC-10-B-30-DB-1TO,"Infiniti QX80 Seat Covers - Custom-Fit, Comfort Leather, Easy Install",0,7,25,2026-08-12,0
CA-SC-10-B-30-DG-1TO,"Infiniti QX80 Seat Covers - Custom-Fit, Comfort Leather, Easy Install",8,0,30,2026-08-12,0
CA-SC-10-B-32-BE-1TO,"Ford Bronco Raptor 2022-2026 Seat Covers - Custom-Fit, Comfort Leather, Easy Install",64,0,115,2026-07-30,0
CA-SC-10-B-32-BK-1TO,"Ford Bronco Raptor 2022-2026 Seat Covers - Custom-Fit, Comfort Leather, Easy Install",144,1,595,2026-07-30,0
CA-SC-10-B-32-BR-1TO,"Ford Bronco Raptor 2022-2026 Seat Covers - Custom-Fit, Comfort Leather, Easy Install",0,18,40,2026-07-30,0
CA-SC-10-B-32-DB-1TO,"Ford Bronco Raptor 2022-2026 Seat Covers - Custom-Fit, Comfort Leather, Easy Install",9,0,135,2026-07-30,0
CA-SC-10-B-32-DG-1TO,"Ford Bronco Raptor 2022-2026 Seat Covers - Custom-Fit, Comfort Leather, Easy Install",0,28,415,2026-08-09,0
CA-SC-10-B-32-GR-1TO,"Ford Bronco Raptor 2022-2026 Seat Covers - Custom-Fit, Comfort Leather, Easy Install",0,17,235,2026-07-30,0
CA-SC-10-B-32-WR-1TO,"Ford Bronco Raptor 2022-2026 Seat Covers - Custom-Fit, Comfort Leather, Easy Install",60,2,85,2026-09-24,0
CA-SC-10-B-36-BE-1TO,"Suzuki Grand Vitara Seat Covers - Custom-Fit, Comfort Leather, Easy Install",0,12,45,2026-07-30,0
CA-SC-10-B-36-BK-1TO,"Suzuki Grand Vitara Seat Covers - Custom-Fit, Comfort Leather, Easy Install",36,0,50,2026-08-16,0
CA-SC-10-B-36-GR-1TO,"Suzuki Grand Vitara Seat Covers - Custom-Fit, Comfort Leather, Easy Install",19,0,10,2026-08-31,0
CA-SC-10-B-36-WR-1TO,"Suzuki Grand Vitara Seat Covers - Custom-Fit, Comfort Leather, Easy Install",0,0,10,2026-08-16,0
CA-SC-10-B-37-BE-1TO,"Rivian R1T 2022-2026 Seat Covers - Custom-Fit, Comfort Leather, Easy Install",0,5,20,2026-07-30,0
CA-SC-10-B-37-BK-1TO,"Rivian R1T 2022-2026 Seat Covers - Custom-Fit, Comfort Leather, Easy Install",22,5,245,2026-08-09,0
CA-SC-10-B-37-DB-1TO,"Rivian R1T 2022-2026 Seat Covers - Custom-Fit, Comfort Leather, Easy Install",0,11,40,2026-07-30,0
CA-SC-10-B-37-DG-1TO,"Rivian R1T 2022-2026 Seat Covers - Custom-Fit, Comfort Leather, Easy Install",32,2,255,2026-09-12,0
CA-SC-10-B-37-GR-1TO,"Rivian R1T 2022-2026 Seat Covers - Custom-Fit, Comfort Leather, Easy Install",0,1,100,2026-07-30,0
CA-SC-10-B-37-WR-1TO,"Rivian R1T 2022-2026 Seat Covers - Custom-Fit, Comfort Leather, Easy Install",0,1,45,2026-07-30,0
CA-SC-10-B-38-BK-1TO,"Polestar Seat Covers - Custom-Fit, Comfort Leather, Easy Install",21,0,30,2026-07-30,0
CA-SC-10-B-39-BK-1TO,"GMC Sierra Seat Covers - Custom-Fit, Comfort Leather, Easy Install",13,0,0,,0
CA-SC-10-B-42-BK-1TO,"Kia Sportage Seat Covers - Custom-Fit, Comfort Leather, Easy Install",64,0,0,,0
CA-SC-10-B-44-BE-1TO,"Ford F-450 Super Duty Seat Covers - Custom-Fit, Comfort Leather, Easy Install",54,3,50,2026-09-24,0
CA-SC-10-B-44-BK-1TO,"Ford F-250 Super Duty Seat Covers - Custom-Fit, Comfort Leather, Easy Install",182,18,295,2026-08-31,0
CA-SC-10-B-44-BR-1TO,"Ford F-450 Super Duty Seat Covers - Custom-Fit, Comfort Leather, Easy Install",50,7,0,,0
CA-SC-10-B-44-DB-1TO,"Ford F-450 Super Duty Seat Covers - Custom-Fit, Comfort Leather, Easy Install",101,31,0,,0
CA-SC-10-B-44-DG-1TO,"Ford F-450 Super Duty Seat Covers - Custom-Fit, Comfort Leather, Easy Install",16,44,395,2026-08-09,0
CA-SC-10-B-44-GR-1TO,"Ford F-350 Super Duty Seat Covers - Custom-Fit, Comfort Leather, Easy Install",81,18,95,2026-09-12,0
CA-SC-10-B-46-BK-1TO,"Audi Q8 Sportback e-tron 2024-2025 Seat Covers - Custom-Fit, Comfort Leather, Easy Install",29,0,0,,0
CA-SC-10-B-47-BE-1TO,"Mercedes-Benz CLS-Class Seat Covers - Custom-Fit, Comfort Leather, Easy Install",0,11,150,2026-07-30,0
CA-SC-10-B-47-BK-1TO,"Mercedes-Benz CLS-Class Seat Covers - Custom-Fit, Comfort Leather, Easy Install",40,0,145,2026-09-02,0
CA-SC-10-B-47-DG-1TO,"Mercedes-Benz CLS-Class Seat Covers - Custom-Fit, Comfort Leather, Easy Install",12,0,20,2026-07-30,0
CA-SC-10-B-47-WR-1TO,"Mercedes-Benz CLS-Class Seat Covers - Custom-Fit, Comfort Leather, Easy Install",32,0,20,2026-09-12,0
CA-SC-10-B-48-BK-1TO,"GMC Acadia Seat Covers - Custom-Fit, Comfort Leather, Easy Install",63,0,15,2026-07-30,0
CA-SC-10-B-53-BE-1TO,"Mercedes-Benz GLE-Class Seat Covers - Custom-Fit, Comfort Leather, Easy Install",3,0,55,2026-08-16,0
CA-SC-10-B-53-BK-1TO,"Mercedes-Benz GLE-Class Seat Covers - Custom-Fit, Comfort Leather, Easy Install",159,0,0,,0
CA-SC-10-B-53-DG-1TO,"Mercedes-Benz GLE-Class Seat Covers - Custom-Fit, Comfort Leather, Easy Install",43,0,10,2026-09-16,0
CA-SC-10-B-56-BE-1TO,"Volvo EX90 Seat Covers - Custom-Fit, Comfort Leather, Easy Install",0,1,50,2026-07-30,0
CA-SC-10-B-56-BK-1TO,"Volvo EX90 Seat Covers - Custom-Fit, Comfort Leather, Easy Install",14,0,105,2026-07-30,0
CA-SC-10-B-67-BK-1TO,"Jeep Gladiator Seat Covers - Custom-Fit, Comfort Leather, Easy Install",2,0,0,,0
CA-SC-10-B-68-BK-1TO,"Dodge Durango Seat Covers - Custom-Fit, Comfort Leather, Easy Install",11,0,40,2026-08-12,0
CA-SC-10-B-71-BK-1TO,"Land Rover Defender 130 Seat Covers - Custom-Fit, Comfort Leather, Easy Install",39,0,30,2026-09-12,0
CA-SC-10-B-76-BK-1TO,"Dodge Ram Seat Covers - Custom-Fit, Comfort Leather, Easy Install",81,1,0,,0
CA-SC-10-B-76-DG-1TO,"RAM 1500 Seat Covers - Custom-Fit, Comfort Leather, Easy Install",66,3,0,,0
CA-SC-10-B-NEW-BK-1TO,"Ford F-250 Super Duty Seat Covers - Custom-Fit, Comfort Leather, Easy Install",0,1,0,,0
CA-SC-10-F-10-BE-1TO,"Mazda CX-90 Seat Covers - Custom-Fit, Comfort Leather, Easy Install",230,5,1040,2026-07-30,0
CA-SC-10-F-10-BK-1TO,"Mazda CX-90 Seat Covers - Custom-Fit, Comfort Leather, Easy Install",723,3,2050,2026-07-30,0
CA-SC-10-F-10-BKRD-STI,"Mazda CX-90 Seat Covers - Custom-Fit, Comfort Leather, Easy Install",63,0,205,2026-07-30,0
CA-SC-10-F-10-BKWH-STI,"Mazda CX-90 Seat Covers - Custom-Fit, Comfort Leather, Easy Install",118,0,185,2026-08-09,0
CA-SC-10-F-10-BR-1TO,"Mazda CX-90 Seat Covers - Custom-Fit, Comfort Leather, Easy Install",70,2,185,2026-08-12,0
CA-SC-10-F-10-DB-1TO,"Mazda CX-90 Seat Covers - Custom-Fit, Comfort Leather, Easy Install",125,1,290,2026-09-12,0
CA-SC-10-F-10-DG-1TO,"Mazda CX-90 Seat Covers - Custom-Fit, Comfort Leather, Easy Install",30,22,1200,2026-08-09,0
CA-SC-10-F-10-GR-1TO,"Mazda CX-90 Seat Covers - Custom-Fit, Comfort Leather, Easy Install",215,7,505,2026-08-09,0
CA-SC-10-F-10-OR-1TO,"Lincoln Aviator Seat Covers - Custom-Fit, Comfort Leather, Easy Install",92,0,0,,0
CA-SC-10-F-10-WR-1TO,"Mazda CX-90 Seat Covers - Custom-Fit, Comfort Leather, Easy Install",90,0,295,2026-09-02,0
CA-SC-10-F-102-BE-1TO,"GMC Acadia Seat Covers - Custom-Fit, Comfort Leather, Easy Install",2,0,60,2026-08-09,0
CA-SC-10-F-102-BK-1TO,"GMC Acadia Seat Covers - Custom-Fit, Comfort Leather, Easy Install",0,3,55,2026-08-12,0
CA-SC-10-F-103-BE-1TO,"Ford F-350 Super Duty Seat Covers - Custom-Fit, Comfort Leather, Easy Install",0,5,80,2026-08-16,0
CA-SC-10-F-104-BE-1TO,"Ford F-350 Super Duty Seat Covers - Custom-Fit, Comfort Leather, Easy Install",18,0,70,2026-08-12,0
CA-SC-10-F-104-BK-1TO,"Ford F-350 Super Duty Seat Covers - Custom-Fit, Comfort Leather, Easy Install",1,0,60,2026-08-12,0
CA-SC-10-F-104-DG-1TO,"Ford F-350 Super Duty Seat Covers - Custom-Fit, Comfort Leather, Easy Install",23,0,45,2026-08-16,0
CA-SC-10-F-106-BE-1TO,"GMC Sierra Seat Covers - Custom-Fit, Comfort Leather, Easy Install",14,0,160,2026-07-30,0
CA-SC-10-F-106-BK-1TO,"GMC Sierra Seat Covers - Custom-Fit, Comfort Leather, Easy Install",66,0,90,2026-08-16,0
CA-SC-10-F-106-DG-1TO,"GMC Sierra Seat Covers - Custom-Fit, Comfort Leather, Easy Install",0,3,235,2026-07-30,0
CA-SC-10-F-106-GR-1TO,"GMC Sierra Seat Covers - Custom-Fit, Comfort Leather, Easy Install",35,0,70,2026-08-12,0
CA-SC-10-F-107-BK-1TO,"GMC Sierra Seat Covers - Custom-Fit, Comfort Leather, Easy Install",27,0,25,2026-09-12,0
CA-SC-10-F-107-DG-1TO,"Chevrolet Silverado Seat Covers - Custom-Fit, Comfort Leather, Easy Install",36,0,50,2026-08-12,0
CA-SC-10-F-11-BE-1TO,"Volvo XC90 Seat Covers - Custom-Fit, Comfort Leather, Easy Install",33,0,35,2026-08-16,0
CA-SC-10-F-11-BK-1TO,"Volvo XC90 Seat Covers - Custom-Fit, Comfort Leather, Easy Install",168,7,470,2026-08-09,0
CA-SC-10-F-11-BR-1TO,"Volvo XC90 Seat Covers - Custom-Fit, Comfort Leather, Easy Install",7,1,40,2026-08-16,0
CA-SC-10-F-11-DB-1TO,"Volvo XC90 Seat Covers - Custom-Fit, Comfort Leather, Easy Install",4,9,120,2026-07-30,0
CA-SC-10-F-11-DG-1TO,"Volvo XC90 Seat Covers - Custom-Fit, Comfort Leather, Easy Install",13,7,325,2026-07-30,0
CA-SC-10-F-11-GR-1TO,"Volvo XC90 Seat Covers - Custom-Fit, Comfort Leather, Easy Install",9,3,210,2026-08-12,0
CA-SC-10-F-11-WR-1TO,"Volvo XC90 Seat Covers - Custom-Fit, Comfort Leather, Easy Install",12,1,50,2026-07-30,0
CA-SC-10-F-110-BK-1TO,"GMC Envoy XL 1998-2008 Seat Covers - Custom-Fit, Comfort Leather, Easy Install",0,0,25,2026-08-12,0
CA-SC-10-F-115-BK-1TO,"Ford F-150 Seat Covers - Custom-Fit, Comfort Leather, Easy Install",2,0,45,2026-08-16,0
CA-SC-10-F-116-BE-1TO,"Ford F-150 Seat Covers - Custom-Fit, Comfort Leather, Easy Install",45,0,20,2026-09-12,0
CA-SC-10-F-116-BK-1TO,"Ford F-150 Seat Covers - Custom-Fit, Comfort Leather, Easy Install",43,0,40,2026-08-31,0
CA-SC-10-F-12-BE-1TO,"Hummer H3 2005-2009 Seat Covers - Custom-Fit, Comfort Leather, Easy Install",7,1,40,2026-08-12,0
CA-SC-10-F-12-BK-1TO,"Hummer H3 2005-2009 Seat Covers - Custom-Fit, Comfort Leather, Easy Install",144,1,20,2026-08-16,0
CA-SC-10-F-12-DG-1TO,"Hummer H3 2005-2009 Seat Covers - Custom-Fit, Comfort Leather, Easy Install",36,0,185,2026-07-30,0
CA-SC-10-F-12-GR-1TO,"Hummer H3 2005-2009 Seat Covers - Custom-Fit, Comfort Leather, Easy Install",34,2,0,,0
CA-SC-10-F-122-BK-1TO,"Mazda Miata MX-5 Seat Covers - Custom-Fit, Comfort Leather, Easy Install",33,0,10,2026-07-30,0
CA-SC-10-F-124-BK-1TO,"BMW Z3 1996-2002 Seat Covers - Custom-Fit, Comfort Leather, Easy Install",2,0,55,2026-07-30,0
CA-SC-10-F-13-BE-1TO,"Hyundai Santa Fe Seat Covers - Custom-Fit, Comfort Leather, Easy Install",0,38,190,2026-07-30,0
CA-SC-10-F-13-BK-1TO,"Hyundai Santa Fe Seat Covers - Custom-Fit, Comfort Leather, Easy Install",0,18,400,2026-08-09,0
CA-SC-10-F-13-DG-1TO,"Hyundai Santa Fe Seat Covers - Custom-Fit, Comfort Leather, Easy Install",36,5,130,2026-09-16,0
CA-SC-10-F-13-GR-1TO,"Hyundai Santa Fe Seat Covers - Custom-Fit, Comfort Leather, Easy Install",11,1,130,2026-08-09,0
CA-SC-10-F-13-WR-1TO,"Hyundai Santa Fe Seat Covers - Custom-Fit, Comfort Leather, Easy Install",4,0,80,2026-09-02,0
CA-SC-10-F-135-BK-1TO,"Ford Mustang Seat Covers - Custom-Fit, Comfort Leather, Easy Install",0,4,25,2026-08-12,0
CA-SC-10-F-14-BE-1TO,"Mitsubishi Outlander Seat Covers - Custom-Fit, Comfort Leather, Easy Install",135,0,105,2026-09-12,0
CA-SC-10-F-14-BK-1TO,"Mitsubishi Outlander Seat Covers - Custom-Fit, Comfort Leather, Easy Install",89,0,145,2026-09-12,0
CA-SC-10-F-14-BR-1TO,"Mitsubishi Outlander Seat Covers - Custom-Fit, Comfort Leather, Easy Install",13,0,35,2026-07-30,0
CA-SC-10-F-14-DG-1TO,"Mitsubishi Outlander Seat Covers - Custom-Fit, Comfort Leather, Easy Install",32,0,20,2026-07-30,0
CA-SC-10-F-14-GR-1TO,"Mitsubishi Outlander Seat Covers - Custom-Fit, Comfort Leather, Easy Install",8,0,145,2026-08-12,0
CA-SC-10-F-148-BK-1TO,"Toyota Grand Highlander Seat Covers - Custom-Fit, Comfort Leather, Easy Install",0,36,125,2026-07-30,0
CA-SC-10-F-148-DG-1TO,"Toyota Grand Highlander Seat Covers - Custom-Fit, Comfort Leather, Easy Install",0,5,65,2026-08-12,0
CA-SC-10-F-16-BE-1TO,"Mercedes-Benz GLA-Class 2015-2026 Seat Covers - Custom-Fit, Comfort Leather, Easy Install",56,0,10,2026-07-30,0
CA-SC-10-F-16-BK-1TO,"Mercedes-Benz GLA-Class 2015-2026 Seat Covers - Custom-Fit, Comfort Leather, Easy Install",67,0,10,2026-07-30,0
CA-SC-10-F-169-BK-1TO,"Chevrolet Silverado Seat Covers - Custom-Fit, Comfort Leather, Easy Install",192,9,185,2026-08-31,0
CA-SC-10-F-169-BR-1TO,"GMC Sierra Seat Covers - Custom-Fit, Comfort Leather, Easy Install",14,0,65,2026-08-31,0
CA-SC-10-F-169-DB-1TO,"GMC Sierra Seat Covers - Custom-Fit, Comfort Leather, Easy Install",21,9,85,2026-08-12,0
CA-SC-10-F-169-DG-1TO,"GMC Sierra Seat Covers - Custom-Fit, Comfort Leather, Easy Install",11,3,135,2026-07-30,0
CA-SC-10-F-169-GR-1TO,"GMC Sierra Seat Covers - Custom-Fit, Comfort Leather, Easy Install",8,0,50,2026-08-31,0
CA-SC-10-F-17-BK-1TO,"Ford Bronco Sport 2021-2026 Seat Covers - Custom-Fit, Comfort Leather, Easy Install",0,0,25,2026-08-16,0
CA-SC-10-F-17-DG-1TO,"Ford Bronco Sport 2021-2026 Seat Covers - Custom-Fit, Comfort Leather, Easy Install",0,12,75,2026-08-16,0
CA-SC-10-F-171-BK-1TO,"GMC Sierra Seat Covers - Custom-Fit, Comfort Leather, Easy Install",0,265,1300,2026-07-30,0
CA-SC-10-F-171-BR-1TO,"Chevrolet Silverado Seat Covers - Custom-Fit, Comfort Leather, Easy Install",0,12,55,2026-07-30,0
CA-SC-10-F-171-DB-1TO,"GMC Sierra Seat Covers - Custom-Fit, Comfort Leather, Easy Install",0,63,170,2026-07-30,0
CA-SC-10-F-171-DG-1TO,"GMC Sierra Seat Covers - Custom-Fit, Comfort Leather, Easy Install",0,99,310,2026-07-30,0
CA-SC-10-F-171-GR-1TO,"GMC Sierra Seat Covers - Custom-Fit, Comfort Leather, Easy Install",0,25,45,2026-07-30,0
CA-SC-10-F-171-WR-1TO,"GMC Sierra Seat Covers - Custom-Fit, Comfort Leather, Easy Install",0,2,65,2026-07-30,0
CA-SC-10-F-172-BK-1TO,"GMC Sierra Seat Covers - Custom-Fit, Comfort Leather, Easy Install",0,27,75,2026-08-16,0
CA-SC-10-F-173-BK-1TO,,201,16,115,2026-07-30,0
CA-SC-10-F-173-DB-1TO,,27,0,25,2026-09-12,0
CA-SC-10-F-173-DG-1TO,,49,1,85,2026-07-30,0
CA-SC-10-F-174-BK-1TO,"RAM 1500 Seat Covers - Custom-Fit, Comfort Leather, Easy Install",17,6,10,2026-08-16,0
CA-SC-10-F-176-BK-1TO,,82,3,45,2026-09-16,0
CA-SC-10-F-177-BK-1TO,"RAM 1500 Seat Covers - Custom-Fit, Comfort Leather, Easy Install",0,10,25,2026-07-30,0
CA-SC-10-F-177-DG-1TO,"RAM 1500 Classic Seat Covers - Custom-Fit, Comfort Leather, Easy Install",5,2,65,2026-07-30,0
CA-SC-10-F-179-BK-1TO,"RAM 1500 Classic Seat Covers - Custom-Fit, Comfort Leather, Easy Install",0,33,115,2026-08-12,0
CA-SC-10-F-179-DG-1TO,"RAM 1500 Classic Seat Covers - Custom-Fit, Comfort Leather, Easy Install",0,49,160,2026-07-30,0
CA-SC-10-F-18-BK-1TO,"Mazda Mazda5 2006-2015 Seat Covers - Custom-Fit, Comfort Leather, Easy Install",99,0,70,2026-09-02,0
CA-SC-10-F-18-DG-1TO,"Mazda Mazda5 2006-2015 Seat Covers - Custom-Fit, Comfort Leather, Easy Install",0,3,45,2026-08-16,0
CA-SC-10-F-18-GR-1TO,"Mazda Mazda5 2006-2015 Seat Covers - Custom-Fit, Comfort Leather, Easy Install",13,0,10,2026-08-16,0
CA-SC-10-F-182-BK-1TO,"Toyota Tacoma Seat Covers - Custom-Fit, Comfort Leather, Easy Install",25,0,10,2026-09-12,0
CA-SC-10-F-182-DG-1TO,"Toyota Tacoma Seat Covers - Custom-Fit, Comfort Leather, Easy Install",8,5,75,2026-08-12,0
CA-SC-10-F-183-BK-1TO,"Toyota Tundra Seat Covers - Custom-Fit, Comfort Leather, Easy Install",16,7,85,2026-07-30,0
CA-SC-10-F-183-BR-1TO,"Toyota Tundra Seat Covers - Custom-Fit, Comfort Leather, Easy Install",8,1,20,2026-08-12,0
CA-SC-10-F-183-DB-1TO,"Toyota Tundra Seat Covers - Custom-Fit, Comfort Leather, Easy Install",11,1,40,2026-09-16,0
CA-SC-10-F-183-DG-1TO,"Toyota Tundra Seat Covers - Custom-Fit, Comfort Leather, Easy Install",11,0,115,2026-08-12,0
CA-SC-10-F-185-BE-1TO,"Ford F-450 Super Duty Seat Covers - Custom-Fit, Comfort Leather, Easy Install",9,0,55,2026-08-16,0
CA-SC-10-F-185-BK-1TO,"Ford F-450 Super Duty Seat Covers - Custom-Fit, Comfort Leather, Easy Install",15,4,10,2026-08-12,0
CA-SC-10-F-185-DG-1TO,"Ford F-450 Super Duty Seat Covers - Custom-Fit, Comfort Leather, Easy Install",29,0,20,2026-09-16,0
CA-SC-10-F-186-BE-1TO,"Ford F-350 Super Duty Seat Covers - Custom-Fit, Comfort Leather, Easy Install",0,17,80,2026-08-16,0
CA-SC-10-F-186-DG-1TO,"Ford F-350 Super Duty Seat Covers - Custom-Fit, Comfort Leather, Easy Install",0,46,100,2026-08-12,0
CA-SC-10-F-188-BK-1TO,"Jeep Wrangler Seat Covers - Custom-Fit, Comfort Leather, Easy Install",0,31,190,2026-08-12,0
CA-SC-10-F-188-DB-1TO,"Jeep Wrangler Seat Covers - Custom-Fit, Comfort Leather, Easy Install",0,0,15,2026-08-16,0
CA-SC-10-F-188-DG-1TO,"Jeep Wrangler Seat Covers - Custom-Fit, Comfort Leather, Easy Install",7,1,40,2026-08-12,0
CA-SC-10-F-188-WR-1TO,"Jeep Wrangler Seat Covers - Custom-Fit, Comfort Leather, Easy Install",18,2,10,2026-09-02,0
CA-SC-10-F-189-BK-1TO,"GMC Sierra Seat Covers - Custom-Fit, Comfort Leather, Easy Install",0,92,255,2026-07-30,0
CA-SC-10-F-189-DG-1TO,"GMC Sierra Seat Covers - Custom-Fit, Comfort Leather, Easy Install",0,48,175,2026-07-30,0
CA-SC-10-F-190-BE-1TO,"GMC Yukon XL Seat Covers - Custom-Fit, Comfort Leather, Easy Install",11,0,40,2026-08-16,0
CA-SC-10-F-190-BK-1TO,"GMC Yukon XL Seat Covers - Custom-Fit, Comfort Leather, Easy Install",115,0,235,2026-07-30,0
CA-SC-10-F-190-DB-1TO,"GMC Yukon XL Seat Covers - Custom-Fit, Comfort Leather, Easy Install",30,0,105,2026-08-12,0
CA-SC-10-F-190-DG-1TO,"GMC Yukon XL Seat Covers - Custom-Fit, Comfort Leather, Easy Install",66,0,60,2026-09-12,0
CA-SC-10-F-193-BK-1TO,"RAM 2500 Seat Covers - Custom-Fit, Comfort Leather, Easy Install",157,6,0,,0
CA-SC-10-F-193-DG-1TO,"RAM 3500 Seat Covers - Custom-Fit, Comfort Leather, Easy Install",51,1,0,,0
CA-SC-10-F-194-BK-1TO,"Dodge Ram Seat Covers - Custom-Fit, Comfort Leather, Easy Install",4,5,130,2026-08-31,0
CA-SC-10-F-194-DG-1TO,"Dodge Ram Seat Covers - Custom-Fit, Comfort Leather, Easy Install",0,7,55,2026-08-12,0
CA-SC-10-F-195-BK-1TO,Product CA-SC-10-F-195-BK-1TO,102,2,0,,0
CA-SC-10-F-197-BK-1TO,"Toyota Tundra Seat Covers - Custom-Fit, Comfort Leather, Easy Install",0,14,135,2026-08-12,0
CA-SC-10-F-197-DB-1TO,"Toyota Tundra Seat Covers - Custom-Fit, Comfort Leather, Easy Install",1,0,40,2026-07-30,0
CA-SC-10-F-197-DG-1TO,"Toyota Tundra Seat Covers - Custom-Fit, Comfort Leather, Easy Install",24,3,30,2026-08-31,0
CA-SC-10-F-199-BE-1TO,"Ford F-350 Super Duty Seat Covers - Custom-Fit, Comfort Leather, Easy Install",41,1,0,,0
CA-SC-10-F-199-BK-1TO,"Ford F-450 Super Duty Seat Covers - Custom-Fit, Comfort Leather, Easy Install",120,5,350,2026-08-12,0
CA-SC-10-F-199-DB-1TO,"Ford F-450 Super Duty Seat Covers - Custom-Fit, Comfort Leather, Easy Install",0,0,75,2026-07-30,0
CA-SC-10-F-199-DG-1TO,"Ford F-450 Super Duty Seat Covers - Custom-Fit, Comfort Leather, Easy Install",81,0,285,2026-08-12,0
CA-SC-10-F-199-GR-1TO,"Ford F-350 Super Duty Seat Covers - Custom-Fit, Comfort Leather, Easy Install",52,0,0,,0
CA-SC-10-F-20-BE-1TO,"Ford Ranger Seat Covers - Custom-Fit, Comfort Leather, Easy Install",0,70,275,2026-07-30,0
CA-SC-10-F-20-BK-1TO,"Ford Ranger Seat Covers - Custom-Fit, Comfort Leather, Easy Install",91,0,70,2026-08-16,0
CA-SC-10-F-20-DG-1TO,"Ford Ranger Seat Covers - Custom-Fit, Comfort Leather, Easy Install",74,0,35,2026-09-12,0
CA-SC-10-F-20-GR-1TO,"Ford Ranger Seat Covers - Custom-Fit, Comfort Leather, Easy Install",15,0,100,2026-08-12,0
CA-SC-10-F-200-BK-1TO,"Ford F-350 Super Duty Seat Covers - Custom-Fit, Comfort Leather, Easy Install",57,1,12,2026-07-30,0
CA-SC-10-F-200-DG-1TO,"Ford F-350 Super Duty Seat Covers - Custom-Fit, Comfort Leather, Easy Install",0,18,65,2026-07-30,0
CA-SC-10-F-205-BK-1TO,"Toyota Tacoma Seat Covers - Custom-Fit, Comfort Leather, Easy Install",0,78,290,2026-07-30,0
CA-SC-10-F-205-DG-1TO,"Toyota Tacoma Seat Covers - Custom-Fit, Comfort Leather, Easy Install",0,62,165,2026-07-30,0
CA-SC-10-F-208-BK-1TO,Product CA-SC-10-F-208-BK-1TO,57,0,80,2026-07-30,0
CA-SC-10-F-209-BK-1TO,Product CA-SC-10-F-209-BK-1TO,0,5,60,2026-09-02,0
CA-SC-10-F-215-BE-1TO,Product CA-SC-10-F-215-BE-1TO,101,0,106,2026-08-16,0
CA-SC-10-F-215-BK-1TO,Product CA-SC-10-F-215-BK-1TO,54,0,171,2026-08-12,0
CA-SC-10-F-215-DB-1TO,Product CA-SC-10-F-215-DB-1TO,19,0,40,2026-08-12,0
CA-SC-10-F-215-DG-1TO,Product CA-SC-10-F-215-DG-1TO,2,0,60,2026-08-12,0
CA-SC-10-F-215-GR-1TO,Product CA-SC-10-F-215-GR-1TO,8,0,35,2026-07-30,0
CA-SC-10-F-216-BK-1TO,Product CA-SC-10-F-216-BK-1TO,68,0,120,2026-08-16,0
CA-SC-10-F-216-DG-1TO,Product CA-SC-10-F-216-DG-1TO,93,0,0,,0
CA-SC-10-F-216-GR-1TO,Product CA-SC-10-F-216-GR-1TO,10,0,50,2026-07-30,0
CA-SC-10-F-219-BK-1TO,Product CA-SC-10-F-219-BK-1TO,8,0,70,2026-08-12,0
CA-SC-10-F-219-DG-1TO,Product CA-SC-10-F-219-DG-1TO,7,0,20,2026-07-30,0
CA-SC-10-F-22-BE-1TO,"Jeep Grand Wagoneer Seat Covers - Custom-Fit, Comfort Leather, Easy Install",25,2,60,2026-08-12,0
CA-SC-10-F-22-BK-1TO,"Jeep Grand Wagoneer Seat Covers - Custom-Fit, Comfort Leather, Easy Install",93,1,155,2026-08-09,0
CA-SC-10-F-22-DG-1TO,"Jeep Grand Wagoneer Seat Covers - Custom-Fit, Comfort Leather, Easy Install",15,0,50,2026-08-16,0
CA-SC-10-F-22-WR-1TO,"Jeep Grand Wagoneer Seat Covers - Custom-Fit, Comfort Leather, Easy Install",8,0,40,2026-07-30,0
CA-SC-10-F-221-BK-1TO,Product CA-SC-10-F-221-BK-1TO,55,0,0,,0
CA-SC-10-F-227-BK-1TO,"Honda CR-V Hybrid Seat Covers - Custom-Fit, Comfort Leather, Easy Install",0,19,85,2026-08-16,0
CA-SC-10-F-232-BK-1TO,"Hyundai Tucson Hybrid 2022-2026 Seat Covers - Custom-Fit, Comfort Leather, Easy Install",0,6,85,2026-07-30,0
CA-SC-10-F-232-GR-1TO,"Hyundai Tucson Hybrid 2022-2026 Seat Covers - Custom-Fit, Comfort Leather, Easy Install",51,0,95,2026-07-30,0
CA-SC-10-F-234-BE-1TO,"Ford F-150 Seat Covers - Custom-Fit, Comfort Leather, Easy Install",101,0,0,,0
CA-SC-10-F-234-BK-1TO,"Ford F-150 Seat Covers - Custom-Fit, Comfort Leather, Easy Install",121,0,0,,0
CA-SC-10-F-238-DG-1TO,"Chevrolet Silverado Seat Covers - Custom-Fit, Comfort Leather, Easy Install",0,47,105,2026-07-30,0
CA-SC-10-F-242-BK-1TO,,0,220,1030,2026-08-12,0
CA-SC-10-F-242-DB-1TO,,0,39,120,2026-08-16,0
CA-SC-10-F-242-DG-1TO,,0,252,1190,2026-08-12,0
CA-SC-10-F-242-GR-1TO,,0,55,115,2026-08-16,0
CA-SC-10-F-25-BE-1TO,"Dodge Ram Seat Covers - Custom-Fit, Comfort Leather, Easy Install",45,0,25,2026-08-12,0
CA-SC-10-F-25-BK-1TO,"Dodge Ram Seat Covers - Custom-Fit, Comfort Leather, Easy Install",30,0,40,2026-08-12,0
CA-SC-10-F-25-DG-1TO,"RAM 3500 Seat Covers - Custom-Fit, Comfort Leather, Easy Install",30,0,30,2026-08-09,0
CA-SC-10-F-25-GR-1TO,"RAM 3500 Seat Covers - Custom-Fit, Comfort Leather, Easy Install",22,0,50,2026-09-02,0
CA-SC-10-F-259-BE-1TO,,0,0,0,,0
CA-SC-10-F-259-BK-1TO,,0,3,0,,0
CA-SC-10-F-259-GR-1TO,,0,3,0,,0
CA-SC-10-F-26-BK-1TO,"Infiniti QX56 2004-2013 Seat Covers - Custom-Fit, Comfort Leather, Easy Install",50,0,30,2026-08-12,0
CA-SC-10-F-29-BK-1TO,"Subaru Forester Seat Covers - Custom-Fit, Comfort Leather, Easy Install",43,0,0,,0
CA-SC-10-F-29-DG-1TO,"Subaru Forester Seat Covers - Custom-Fit, Comfort Leather, Easy Install",18,0,45,2026-08-12,0
CA-SC-10-F-29-GR-1TO,"Subaru Forester Seat Covers - Custom-Fit, Comfort Leather, Easy Install",10,0,35,2026-07-30,0
CA-SC-10-F-30-BE-1TO,"Acura MDX Seat Covers - Custom-Fit, Comfort Leather, Easy Install",31,3,390,2026-08-09,0
CA-SC-10-F-30-BK-1TO,"Acura MDX Seat Covers - Custom-Fit, Comfort Leather, Easy Install",147,2,430,2026-08-12,0
CA-SC-10-F-30-BR-1TO,"Acura MDX Seat Covers - Custom-Fit, Comfort Leather, Easy Install",27,2,35,2026-08-31,0
CA-SC-10-F-30-DB-1TO,"Acura MDX Seat Covers - Custom-Fit, Comfort Leather, Easy Install",23,1,90,2026-08-16,0
CA-SC-10-F-30-DG-1TO,"Acura MDX Seat Covers - Custom-Fit, Comfort Leather, Easy Install",7,3,225,2026-07-30,0
CA-SC-10-F-30-GR-1TO,"Acura MDX Seat Covers - Custom-Fit, Comfort Leather, Easy Install",41,0,165,2026-07-30,0
CA-SC-10-F-30-WR-1TO,"Acura MDX Seat Covers - Custom-Fit, Comfort Leather, Easy Install",69,1,0,,0
CA-SC-10-F-31-BE-1TO,"GMC Sierra Seat Covers - Custom-Fit, Comfort Leather, Easy Install",0,68,265,2026-07-30,0
CA-SC-10-F-31-BK-1TO,"GMC Sierra Seat Covers - Custom-Fit, Comfort Leather, Easy Install",0,32,385,2026-07-30,0
CA-SC-10-F-31-DB-1TO,"GMC Sierra Seat Covers - Custom-Fit, Comfort Leather, Easy Install",50,0,20,2026-09-12,0
CA-SC-10-F-31-DG-1TO,"GMC Sierra Seat Covers - Custom-Fit, Comfort Leather, Easy Install",10,0,145,2026-08-12,0
CA-SC-10-F-31-GR-1TO,"GMC Sierra Seat Covers - Custom-Fit, Comfort Leather, Easy Install",0,48,115,2026-08-09,0
CA-SC-10-F-34-BE-1TO,"Chrysler Aspen 2007-2009 Seat Covers - Custom-Fit, Comfort Leather, Easy Install",45,2,0,,0
CA-SC-10-F-34-BK-1TO,"Chrysler Aspen 2007-2009 Seat Covers - Custom-Fit, Comfort Leather, Easy Install",24,0,45,2026-08-12,0
CA-SC-10-F-34-DG-1TO,"Chrysler Aspen 2007-2009 Seat Covers - Custom-Fit, Comfort Leather, Easy Install",61,0,0,,0
CA-SC-10-F-34-GR-1TO,"Chrysler Aspen 2007-2009 Seat Covers - Custom-Fit, Comfort Leather, Easy Install",27,0,25,2026-08-12,0
CA-SC-10-F-36-BK-1TO,"Toyota Tundra Seat Covers - Custom-Fit, Comfort Leather, Easy Install",55,0,10,2026-09-16,0
CA-SC-10-F-36-DG-1TO,"Toyota Tundra Seat Covers - Custom-Fit, Comfort Leather, Easy Install",0,11,125,2026-08-09,0
CA-SC-10-F-36-GR-1TO,"Toyota Tundra Seat Covers - Custom-Fit, Comfort Leather, Easy Install",2,0,65,2026-08-09,0
CA-SC-10-F-40-BE-1TO,"Jeep Wrangler Seat Covers - Custom-Fit, Comfort Leather, Easy Install",146,5,195,2026-09-24,0
CA-SC-10-F-40-BK-1TO,"Jeep Wrangler Seat Covers - Custom-Fit, Comfort Leather, Easy Install",133,7,930,2026-07-30,0
CA-SC-10-F-40-BR-1TO,"Jeep Wrangler Seat Covers - Custom-Fit, Comfort Leather, Easy Install",26,2,30,2026-08-12,0
CA-SC-10-F-40-DB-1TO,"Jeep Wrangler Seat Covers - Custom-Fit, Comfort Leather, Easy Install",77,1,85,2026-08-12,0
CA-SC-10-F-40-DG-1TO,"Jeep Wrangler Seat Covers - Custom-Fit, Comfort Leather, Easy Install",105,12,740,2026-07-30,0
CA-SC-10-F-40-GR-1TO,"Jeep Wrangler Seat Covers - Custom-Fit, Comfort Leather, Easy Install",0,8,440,2026-08-09,0
CA-SC-10-F-40-WR-1TO,"Jeep Wrangler Seat Covers - Custom-Fit, Comfort Leather, Easy Install",24,0,190,2026-09-02,0
CA-SC-10-F-43-BE-1TO,"Mercedes-Benz G-Class 2002-2026 Seat Covers - Custom-Fit, Comfort Leather, Easy Install",9,1,75,2026-07-30,0
CA-SC-10-F-43-BK-1TO,"Mercedes-Benz G-Class 2002-2026 Seat Covers - Custom-Fit, Comfort Leather, Easy Install",14,0,140,2026-08-12,0
CA-SC-10-F-43-DG-1TO,"Mercedes-Benz G-Class 2002-2026 Seat Covers - Custom-Fit, Comfort Leather, Easy Install",32,0,30,2026-08-16,0
CA-SC-10-F-43-GR-1TO,"Mercedes-Benz G-Class 2002-2026 Seat Covers - Custom-Fit, Comfort Leather, Easy Install",17,0,55,2026-07-30,0
CA-SC-10-F-49-BE-1TO,"Mercedes-Benz Maybach GLS 2021-2026 Seat Covers - Custom-Fit, Comfort Leather, Easy Install",27,1,30,2026-09-12,0
CA-SC-10-F-49-BK-1TO,"Mercedes-Benz Maybach GLS 2021-2026 Seat Covers - Custom-Fit, Comfort Leather, Easy Install",67,1,0,,0
CA-SC-10-F-49-DG-1TO,"Mercedes-Benz Maybach GLS 2021-2026 Seat Covers - Custom-Fit, Comfort Leather, Easy Install",126,0,0,,0
CA-SC-10-F-59-BK-1TO,"Chevrolet C/K Seat Covers - Custom-Fit, Comfort Leather, Easy Install",0,22,90,2026-07-30,0
CA-SC-10-F-62-BK-1TO,"Jeep Wrangler Seat Covers - Custom-Fit, Comfort Leather, Easy Install",0,16,30,2026-08-12,0
CA-SC-10-F-69-BK-1TO,"Mercedes-Benz R-Class 2006-2013 Seat Covers - Custom-Fit, Comfort Leather, Easy Install",15,0,20,2026-08-16,0
CA-SC-10-F-69-DG-1TO,"Mercedes-Benz R-Class 2006-2013 Seat Covers - Custom-Fit, Comfort Leather, Easy Install",8,3,25,2026-08-16,0
CA-SC-10-F-69-GR-1TO,"Mercedes-Benz R-Class 2006-2013 Seat Covers - Custom-Fit, Comfort Leather, Easy Install",12,1,20,2026-08-16,0
CA-SC-10-F-71-BK-1TO,"Nissan Quest Seat Covers - Custom-Fit, Comfort Leather, Easy Install",17,0,35,2026-08-12,0
CA-SC-10-F-71-DG-1TO,"Nissan Quest Seat Covers - Custom-Fit, Comfort Leather, Easy Install",10,1,20,2026-08-31,0
CA-SC-10-F-74-BE-1TO,"Nissan Quest Seat Covers - Custom-Fit, Comfort Leather, Easy Install",32,0,95,2026-08-12,0
CA-SC-10-F-74-BK-1TO,"Nissan Quest Seat Covers - Custom-Fit, Comfort Leather, Easy Install",26,0,20,2026-08-16,0
CA-SC-10-F-74-DG-1TO,"Nissan Quest Seat Covers - Custom-Fit, Comfort Leather, Easy Install",0,3,115,2026-07-30,0
CA-SC-10-F-74-GR-1TO,"Nissan Quest Seat Covers - Custom-Fit, Comfort Leather, Easy Install",11,0,65,2026-08-12,0
CA-SC-10-F-76-BE-1TO,"Toyota Solara Seat Covers - Custom-Fit, Comfort Leather, Easy Install",6,0,40,2026-07-30,0
CA-SC-10-F-76-DG-1TO,"Toyota Solara Seat Covers - Custom-Fit, Comfort Leather, Easy Install",14,0,20,2026-08-16,0
CA-SC-10-F-90-BE-1TO,"Land Rover Range Rover Seat Covers - Custom-Fit, Comfort Leather, Easy Install",3,0,40,2026-08-12,0
CA-SC-10-F-94-BE-1TO,"Lexus RX 350 Seat Covers - Custom-Fit, Comfort Leather, Easy Install",0,13,190,2026-08-12,0
CA-SC-10-F-94-BK-1TO,"Lexus RX 330 2004-2009 Seat Covers - Custom-Fit, Comfort Leather, Easy Install",0,0,60,2026-07-30,0
CA-SC-10-F-94-DG-1TO,"Lexus RX 330 2004-2009 Seat Covers - Custom-Fit, Comfort Leather, Easy Install",18,0,80,2026-08-12,0
CA-SC-10-F-94-GR-1TO,"Lexus RX 330 2004-2009 Seat Covers - Custom-Fit, Comfort Leather, Easy Install",19,0,30,2026-08-16,0
CA-SC-10-F-99-BK-1TO,"Nissan Pathfinder Seat Covers - Custom-Fit, Comfort Leather, Easy Install",0,12,15,2026-07-30,0
CA-SC-10-F-NEW-BE-1TO,"Ford F-350 Super Duty Seat Covers - Custom-Fit, Comfort Leather, Easy Install",0,4,0,,0
CA-SC-10-F-NEW-BK-1TO,"Ford F-450 Super Duty Seat Covers - Custom-Fit, Comfort Leather, Easy Install",0,6,0,,0
CA-SC-10-R-90-BK-1TO,"Ford F-150 Seat Covers - Custom-Fit, Comfort Leather, Easy Install",337,31,0,,0
CA-SC-10-R-90-DB-1TO,"Ford F-250 Super Duty Seat Covers - Custom-Fit, Comfort Leather, Easy Install",38,6,0,,0
CA-SC-10-R-90-DG-1TO,"Ford F-250 Super Duty Seat Covers - Custom-Fit, Comfort Leather, Easy Install",1,25,0,,0
CA-SC-10-R-90-GR-1TO,,51,0,0,,0
CA-SC-10-R-91-BE-1TO,"Ford F-250 Super Duty Seat Covers - Custom-Fit, Comfort Leather, Easy Install",30,0,30,2026-08-16,0
CA-SC-10-R-91-BK-1TO,"Ford F-250 Super Duty Seat Covers - Custom-Fit, Comfort Leather, Easy Install",70,0,10,2026-09-16,0
CA-SC-10-R-91-DG-1TO,"Ford F-250 Super Duty Seat Covers - Custom-Fit, Comfort Leather, Easy Install",86,0,10,2026-09-16,0
CC-CC-03-CHCV15-GR-1TO,,72,0,30,2026-09-12,0
CC-CC-03-CHCV21-GR-1TO,,9,0,57,2026-08-26,0
CC-CC-03-MZMX38-GR-1TO,,265,0,0,,0
CC-CC-15-CHCM16-BKRD-STR,"Chevrolet Camaro Car Cover - Custom-Fit, Heavy-Duty, All-Weather",5,0,33,2026-08-26,0
CC-CC-15-CHCV20-BKGR-STR,"Chevrolet Corvette Car Cover - Custom-Fit, Heavy-Duty, All-Weather",6,0,0,,0
CC-CC-15-CHCV20-BKRD-STR,"Chevrolet Corvette Car Cover - Custom-Fit, Heavy-Duty, All-Weather",0,9,87,2026-08-26,0
CC-CC-15-CHCV21-BKRD-STR,"Chevrolet Corvette Car Cover - Custom-Fit, Heavy-Duty, All-Weather",11,0,57,2026-08-12,0
CC-CC-15-CHCV22-BKRD-STR,"Chevrolet Corvette Car Cover - Custom-Fit, Heavy-Duty, All-Weather",4,0,27,2026-08-26,0
CC-CC-15-DGCA08-BKRD-STR,"Dodge Charger Car Cover - Custom-Fit, Heavy-Duty, All-Weather",0,9,18,2026-08-26,0
CC-CC-15-DGCH05-BKRD-STR,"Dodge Challenger Car Cover - Custom-Fit, Heavy-Duty, All-Weather",0,3,21,2026-09-12,0
CC-CC-15-FOMU183-BKRD-STR,"Ford Mustang Car Cover - Custom-Fit, Heavy-Duty, All-Weather",19,0,12,2026-09-12,0
CC-CC-15-FOMU187-BKGR-STR,"Ford Mustang Car Cover - Custom-Fit, Heavy-Duty, All-Weather",25,0,0,,0
CC-CC-15-FOMU187-BKRD-STR,"Ford Mustang Car Cover - Custom-Fit, Heavy-Duty, All-Weather",10,0,48,2026-08-26,0
CC-CN-03-B-GR-1TO,,106,0,192,2026-08-26,0
CC-CN-03-D-GR-1TO,,275,0,624,2026-08-12,0
CC-CN-03-F-GR-1TO,,56,0,261,2026-08-12,0
CC-CN-03-G-GR-1TO,,0,0,240,2026-08-12,0
CC-CN-03-H-GR-1TO,,27,0,150,2026-08-26,0
CC-CN-03-I-GR-1TO,,0,0,327,2026-08-12,0
CC-CN-03-J-GR-1TO,,109,0,282,2026-08-26,0
CC-CN-03-K-GR-1TO,,51,0,1362,2026-08-12,0
CC-CN-03-L-GR-1TO,,65,0,840,2026-08-12,0
CC-CN-03-M-GR-1TO,,0,0,1635,2026-08-12,0
CC-CN-03-N-GR-1TO,,24,0,687,2026-08-12,0
CC-CN-03-P-GR-1TO,,297,0,1260,2026-08-12,0
CC-CN-03-R-GR-1TO,,77,0,720,2026-08-12,0
CC-CN-03-T-GR-1TO,,55,0,321,2026-08-12,0
CC-CN-03-X-GR-1TO,,161,1,852,2026-08-12,0
CC-CN-15-B-BKRD-STR,"Porsche 356 Car Cover - Custom-Fit, Heavy-Duty, All-Weather",51,0,0,,0
CC-CN-15-D-BKGR-STR,"MINI Cooper Car Cover - Custom-Fit, Heavy-Duty, All-Weather",21,0,0,,0
CC-CN-15-D-BKRD-STR,"MINI Cooper Car Cover - Custom-Fit, Heavy-Duty, All-Weather",0,8,57,2026-08-26,0
CC-CN-15-D-LGBK-STR,"MINI Cooper Car Cover - Custom-Fit, Heavy-Duty, All-Weather",33,0,27,2026-09-12,0
CC-CN-15-K-BKRD-STR,"AMC Rambler Car Cover - Custom-Fit, Heavy-Duty, All-Weather",27,0,0,,0
CC-CN-15-M-BKRD-STR,"Chrysler New Yorker Car Cover - Custom-Fit, Heavy-Duty, All-Weather",26,0,36,2026-09-12,0
CC-CN-15-N-BKRD-STR,"Dodge Charger Car Cover - Custom-Fit, Heavy-Duty, All-Weather",3,0,21,2026-09-12,0
CC-CN-15-P-BKRD-STR,"Dodge Dart Car Cover - Custom-Fit, Heavy-Duty, All-Weather",24,0,0,,0
CC-CN-15-X-BKRD-STR,"Dodge Dart Car Cover - Custom-Fit, Heavy-Duty, All-Weather",24,0,69,2026-08-26,0
CC-CP-03-F-GR-1TO,,0,0,162,2026-08-12,0
CC-CP-03-G-GR-1TO,,248,0,1173,2026-08-12,0
CC-CP-03-H-GR-1TO,,56,0,195,2026-08-26,0
CC-CP-03-I-GR-1TO,,130,0,369,2026-08-26,0
CC-CP-03-J-GR-1TO,,231,0,825,2026-08-12,0
CC-CP-03-K-GR-1TO,,103,0,1611,2026-08-12,0
CC-CP-03-L-GR-1TO,,10,0,120,2026-08-12,0
CC-CP-03-M-GR-1TO,,27,0,21,2026-08-26,0
CC-CP-15-G-BKRD-STR,"Nissan Z Car Cover - Custom-Fit, Heavy-Duty, All-Weather",10,0,42,2026-08-26,0
CC-CP-15-H-BKRD-STR,"BMW M240i Car Cover - Custom-Fit, Heavy-Duty, All-Weather",0,5,24,2026-08-26,0
CC-CP-15-I-BKRD-STR,"BMW M240i Car Cover - Custom-Fit, Heavy-Duty, All-Weather",9,0,36,2026-09-12,0
CC-CP-15-J-BKRD-STR,"Mercedes-Benz Maybach SL 2026 Car Cover - Custom-Fit, Heavy-Duty, All-Weather",5,0,60,2026-08-26,0
CC-CP-15-K-BKRD-STR,"Bentley Continental GT Car Cover - Custom-Fit, Heavy-Duty, All-Weather",6,0,45,2026-08-26,0
CC-CS-03-G-GR-1TO,,23,0,54,2026-08-26,0
CC-CS-03-H-GR-1TO,,55,0,216,2026-08-26,0
CC-CS-03-I-GR-1TO,,26,0,81,2026-08-12,0
CC-CS-03-J-GR-1TO,,0,0,192,2026-08-12,0
CC-CS-03-K-GR-1TO,,6,0,159,2026-08-26,0
CC-CS-03-L-GR-1TO,,0,1,405,2026-08-12,0
CC-CS-03-M-GR-1TO,,4,0,153,2026-08-26,0
CC-CS-03-N-GR-1TO,,21,0,81,2026-09-12,0
CC-CS-15-I-BKRD-STR,"Nissan Sentra Car Cover - Custom-Fit, Heavy-Duty, All-Weather",6,0,66,2026-08-12,0
CC-CS-15-K-BKRD-STR,"Mercedes-Benz E-Class Car Cover - Custom-Fit, Heavy-Duty, All-Weather",0,13,63,2026-08-26,0
CC-CS-15-K-DGBK-STR,"Audi A5 Car Cover - Custom-Fit, Heavy-Duty, All-Weather",0,24,48,2026-08-12,0
CC-CS-15-K-GRBK-STR,"Mercedes-Benz E-Class Car Cover - Custom-Fit, Heavy-Duty, All-Weather",43,0,0,,0
CC-CS-15-L-BKRD-STR,"Toyota Camry TRD 2020-2024 Car Cover - Custom-Fit, Heavy-Duty, All-Weather",0,1,60,2026-08-12,0
CC-CS-15-L-DGBK-STR,"Toyota Camry TRD 2020-2024 Car Cover - Custom-Fit, Heavy-Duty, All-Weather",0,11,0,,0
CC-CS-15-M-BKRD-STR,"BMW 5-Series Car Cover - Custom-Fit, Heavy-Duty, All-Weather",26,0,9,2026-09-12,0
CC-SN-03-B-GR-1TO,,13,0,48,2026-08-12,0
CC-SN-03-D-GR-1TO,,21,0,42,2026-08-26,0
CC-SS-03-G-GR-1TO,,36,0,69,2026-09-12,0
CC-SS-03-H-GR-1TO,,20,0,78,2026-08-12,0
CC-SS-03-I-GR-1TO,,16,2,210,2026-08-26,0
CC-SS-03-J-GR-1TO,,0,0,267,2026-08-12,0
CC-SS-03-K-GR-1TO,,33,0,339,2026-08-12,0
CC-SS-03-M-GR-1TO,,63,0,234,2026-08-26,0
CC-SS-03-N-GR-1TO,,27,0,123,2026-08-12,0
CC-SS-03-R-GR-1TO,,6,0,90,2026-08-12,0
CC-SS-15-I-BKRD-STR,"Jeep Gladiator (J-Series) Truck Cover - Custom-Fit, Heavy-Duty, All-Weather",14,1,30,2026-09-12,0
CC-SS-15-J-BKLG-STR,"Audi SQ5 SUV Cover - Custom-Fit, Heavy-Duty, All-Weather",19,0,24,2026-08-26,0
CC-SS-15-J-BKRD-STR,"Audi SQ5 SUV Cover - Custom-Fit, Heavy-Duty, All-Weather",12,0,15,2026-09-12,0
CC-SS-15-K-BKGR-STR,"Jeep Gladiator (J-Series) Truck Cover - Custom-Fit, Heavy-Duty, All-Weather",65,0,0,,0
CC-SS-15-K-BKRD-STR,"Jeep Gladiator (J-Series) Truck Cover - Custom-Fit, Heavy-Duty, All-Weather",0,12,72,2026-08-26,0
CC-SS-15-K-DGBK-STR,"Jeep Gladiator (J-Series) Truck Cover - Custom-Fit, Heavy-Duty, All-Weather",7,0,0,,0
CC-SS-15-K-GRBK-STR,"Jeep Gladiator (J-Series) Truck Cover - Custom-Fit, Heavy-Duty, All-Weather",62,0,0,,0
CC-SS-15-K-LGBK-STR,"Jeep Gladiator (J-Series) Truck Cover - Custom-Fit, Heavy-Duty, All-Weather",0,3,30,2026-08-12,0
CC-SS-15-M-BKLG-STR,"Mercedes-Benz EQE-Class SUV 2024-2026 SUV Cover - Custom-Fit, Heavy-Duty, All-Weather",11,0,9,2026-09-12,0
CC-SS-15-M-BKRD-STR,"Mercedes-Benz EQE-Class SUV 2024-2026 SUV Cover - Custom-Fit, Heavy-Duty, All-Weather",26,0,48,2026-08-12,0
CC-SS-15-M-LGBK-STR,"Mercedes-Benz EQE-Class SUV 2024-2026 SUV Cover - Custom-Fit, Heavy-Duty, All-Weather",6,0,45,2026-08-26,0
CC-TC-03-N-GR-1TO,,0,0,69,2026-09-12,0
CC-TC-03-P-GR-1TO,,21,0,96,2026-08-12,0
CC-TC-03-R-GR-1TO,,1,0,54,2026-08-26,0
CC-TC-15-P-BKRD-STR,"Toyota Tacoma Truck Cover - Custom-Fit, Heavy-Duty, All-Weather",3,0,10,2026-08-26,0
CC-TME-03-W-GR-1TO,,15,0,60,2026-08-12,0
CC-TNS-03-S-GR-1TO,,10,0,9,2026-09-12,0
CC-TS-03-M-GR-1TO,,23,0,36,2026-08-26,0
CC-TS-03-N-GR-1TO,,20,0,51,2026-08-26,0
CC-TS-03-R-GR-1TO,,30,0,57,2026-08-12,0
CC-TS-03-S-GR-1TO,,19,0,375,2026-08-26,0
CC-TS-03-T-GR-1TO,,0,0,159,2026-08-12,0
CC-TS-03-U-GR-1TO,,2,0,0,,0
CC-TS-03-V-GR-1TO,,131,0,0,,0
CC-TS-03-Y-GR-1TO,,16,0,21,2026-08-26,0
CC-TS-15-S-BK-1TO,"Toyota Tundra Truck Cover - Custom-Fit, Heavy-Duty, All-Weather",25,0,0,,0
CC-TS-15-S-BKGR-STR,"Toyota Tundra Truck Cover - Custom-Fit, Heavy-Duty, All-Weather",45,0,0,,0
CC-TS-15-S-BKRD-STR,"Toyota Tundra Truck Cover - Custom-Fit, Heavy-Duty, All-Weather",12,0,30,2026-08-26,0
CC-TS-15-T-BKRD-STR,"GMC Sierra Truck Cover - Custom-Fit, Heavy-Duty, All-Weather",0,4,14,2026-08-12,0
CC-TS-15-T-LGBK-STR,"GMC Sierra Truck Cover - Custom-Fit, Heavy-Duty, All-Weather",5,0,34,2026-08-26,0
CC-TS-15-V-BKRD-STR,"Toyota Tundra Truck Cover - Custom-Fit, Heavy-Duty, All-Weather",0,2,42,2026-08-26,0
CC-TT-03-S-GR-1TO,,20,0,9,2026-09-12,0
CC-TT-03-T-GR-1TO,,2,0,48,2026-08-26,0
CC-TT-03-U-GR-1TO,,23,0,69,2026-08-26,0
CC-TT-03-W-GR-1TO,,34,0,0,,0
CC-TT-03-Y-GR-1TO,,4,0,60,2026-08-26,0
